climate_id,d_voisine_km,n,r_stations,biais_stations,r_casr,biais_casr
6072223,0.0,971,1.0,1.0,0.928,1.275
6072230,0.0,1440,0.862,0.666,0.937,1.152
6074211,51.62002036134333,1268,0.785,0.908,0.921,1.003
6080192,58.98185919688603,1219,0.85,0.995,0.96,0.964
6085680,45.52803405069818,1437,0.679,1.095,0.891,1.399
6100285,20.077198973051992,1432,0.877,1.019,0.683,1.04
6100970,7.364468473280198,1434,0.769,1.037,0.892,1.129
6100971,7.364468473280198,1428,0.772,0.919,0.718,1.071
6101335,11.699732306780575,951,0.829,0.888,0.797,1.075
6101874,33.173461726850725,1399,0.866,0.981,0.79,1.136
6102J13,20.077198973051992,1461,0.862,0.949,0.733,1.056
6104027,35.10654049611995,1182,0.823,0.992,0.916,1.044
6104725,28.785096563858186,1260,0.797,0.939,0.643,1.007
6105762,40.6927656755159,1422,0.89,0.877,0.756,0.979
6105976,0.0,1441,1.0,0.998,0.674,1.08
6105978,0.0,1420,0.73,0.981,0.951,1.06
6106001,8.304398964492083,1457,0.84,0.969,0.945,1.084
6106367,2.554913217954822,1425,0.691,1.148,0.963,1.127
6106396,8.963213639993173,1374,0.821,1.028,0.952,1.188
6107276,38.49202627683309,1436,0.852,0.805,0.803,0.983
610FC98,2.554913217954822,1454,0.663,0.828,0.662,1.002
6110607,19.822921190432165,1426,0.806,0.823,0.79,0.952
6111769,8.267203642132664,1310,0.888,0.916,0.551,0.92
6115529,19.822921190432165,1216,0.813,1.154,0.784,1.134
6115811,8.267203642132664,1313,0.854,0.888,0.582,0.926
6117981,32.14178634567708,1382,0.628,0.845,0.553,0.884
6163171,50.07560488620919,1459,0.762,0.805,0.758,0.939
616I001,50.07560488620919,1436,0.833,1.01,0.958,1.019
7010565,7.767099581891862,1375,0.815,0.789,0.935,1.112
7011947,9.112032202391141,1194,0.886,0.796,0.741,1.142
7011983,9.006255627620911,1221,0.674,0.809,0.95,1.158
7013100,19.49006780968076,1069,0.848,0.862,0.668,1.113
7014160,7.033469619790705,1286,0.721,0.788,0.963,1.137
7014290,9.112032202391141,1202,0.92,0.793,0.722,1.122
7015730,13.24264487168182,1108,0.85,0.735,0.734,1.019
7015791,27.18291742558437,1442,0.836,0.97,0.898,1.061
7016470,16.780329888332602,1324,0.908,0.946,0.721,1.073
7016675,19.499553844635567,1109,0.813,0.704,0.671,1.08
7016800,9.006255627620911,1244,0.773,0.932,0.705,1.217
7016816,25.395747495066097,1190,0.82,0.851,0.667,1.07
7016840,16.266164423594745,1245,0.911,0.737,0.776,1.093
7016902,25.31286207658979,1038,0.878,0.889,0.704,1.114
7016960,25.31286207658979,1305,0.863,0.753,0.766,1.108
7017000,14.53549163258679,1139,0.844,0.717,0.739,1.034
7017585,16.266164423594745,1359,0.858,0.767,0.739,1.094
7018562,12.871892503751411,1150,0.908,0.979,0.939,1.284
7018563,12.871892503751411,1422,0.865,0.826,0.911,1.205
7018573,14.395453503355297,1385,0.911,0.961,0.934,1.273
701LEEH,26.889640919979,1167,0.83,0.731,0.661,1.035
701Q004,7.650853873003254,1160,0.891,1.025,0.883,1.22
701Q009,30.328069701286076,1364,0.737,0.855,0.912,0.997
701S001,7.650853873003254,1435,0.876,0.792,0.954,1.146
7020305,22.26049543274364,1369,0.844,0.744,0.645,1.044
7020567,15.595707831490085,1295,0.815,0.778,0.729,0.967
7020828,18.68112962048884,1019,0.842,0.747,0.813,0.853
7020860,15.924355424442052,939,0.739,0.988,0.713,1.042
7021840,23.60334395932512,1312,0.862,0.83,0.748,0.941
7021954,22.26049543274364,1182,0.887,0.849,0.614,1.002
7022160,7.611581876944749,929,0.777,0.828,0.779,0.927
7022375,26.57540085881123,1061,0.885,0.948,0.65,0.943
7022579,13.270292444376857,1395,0.756,1.08,0.923,0.922
7022800,25.395747495066644,1385,0.905,0.85,0.689,0.88
7023075,11.48778368713204,1296,0.841,0.967,0.731,0.843
7023677,21.719203549292597,990,0.858,0.816,0.642,0.762
7024100,11.789072514368684,1029,0.81,0.881,0.739,0.887
7024250,30.328069701286076,1179,0.822,0.976,0.642,1.052
7024254,7.767099581891862,1065,0.809,0.89,0.727,0.878
7024280,12.716754242186447,1426,0.839,0.762,0.882,1.026
7024320,28.287172164082556,1340,0.839,0.657,0.663,0.847
7024440,18.68112962048884,1300,0.837,0.726,0.743,0.932
7024627,20.270733394786777,1330,0.909,0.848,0.707,0.885
7024745,12.488177826431214,1428,0.956,0.803,0.948,0.863
7025251,0.313683295917455,1454,0.974,0.879,0.946,0.855
7025440,4.216842093464068,938,0.701,0.855,0.734,0.952
7025442,4.216842093464068,1380,0.564,0.782,0.891,1.098
7025745,18.320703068622848,1413,0.874,0.808,0.76,0.905
7026043,20.729581445189197,1390,0.854,0.795,0.715,0.913
7026465,21.719203549294466,1242,0.834,0.556,0.772,0.913
7026612,12.583605591851834,1357,0.837,0.944,0.752,1.151
7026734,14.267810210450218,1327,0.887,0.828,0.69,0.789
7026836,4.83365868281143,1385,0.813,0.855,0.75,0.871
7026916,20.346774019733676,1325,0.846,0.885,0.686,0.758
7027039,11.48778368713204,1433,0.709,0.733,0.928,0.849
7027083,17.857834179028433,1306,0.878,0.991,0.693,1.014
7027283,8.902435924957453,1371,0.863,1.004,0.705,1.035
7027329,12.488177826431214,1256,0.91,0.964,0.937,1.013
7027361,24.78419643533456,1248,0.883,0.805,0.695,0.823
7027470,7.611581876944749,1390,0.639,0.74,0.915,1.049
7027516,21.719203549292597,1308,0.832,0.846,0.67,0.947
7027520,23.60334395932512,1316,0.826,0.76,0.673,0.909
7027540,14.18409379027324,895,0.899,0.85,0.786,0.866
7027588,11.860667123846294,957,0.824,0.751,0.776,0.884
7027656,22.525849643692393,1254,0.787,0.907,0.671,0.968
7027660,16.981176281888036,1251,0.92,0.873,0.7,0.991
7027840,19.499553844634413,1311,0.811,0.839,0.721,0.996
7028123,12.716754242186447,1212,0.897,0.871,0.858,1.104
7028200,22.36598003863591,1164,0.884,0.777,0.717,0.798
7028292,13.270292444376857,1384,0.846,0.799,0.784,0.829
7028442,22.525849643692393,1428,0.684,0.77,0.937,0.991
7028700,7.033469619790705,1256,0.805,0.845,0.739,0.861
7028754,8.902435924957453,1395,0.738,0.848,0.943,0.991
702FHL8,13.24264487168182,1212,0.877,0.963,0.924,1.227
702FQLF,4.83365868281143,1397,0.788,1.077,0.95,1.013
702FR30,25.312862076590385,1143,0.847,0.677,0.732,0.905
702LED4,11.789072514368684,1390,0.709,0.871,0.904,0.914
702S006,0.313683295917455,1425,0.978,1.118,0.932,0.96
7030170,18.224064404781025,1104,0.798,0.725,0.711,1.047
7031315,33.68666228293304,1247,0.894,0.924,0.655,1.046
7031360,15.599643075707345,970,0.892,0.786,0.73,1.055
7031375,13.44482045998861,1230,0.803,0.748,0.739,0.948
7033121,32.87097008613104,1306,0.711,0.786,0.905,1.023
7033650,16.780329888332602,1388,0.83,0.719,0.724,1.002
7033939,35.51496440705643,1314,0.773,0.833,0.693,1.04
7034365,20.480193676212693,1395,0.851,0.79,0.696,1.059
7034482,23.42937200949864,1425,0.631,0.936,0.918,1.098
7035666,13.44482045998861,1144,0.794,0.888,0.719,1.052
7038975,23.42937200949864,1325,0.773,0.857,0.713,0.962
703GDKB,35.51496440705643,1371,0.712,0.905,0.925,1.095
7040442,0.35221781872267166,1441,0.874,0.772,0.893,1.76
7040444,0.35221781872267166,1161,0.959,1.021,0.917,1.845
7041312,25.234338330795666,1427,0.869,0.72,0.926,1.074
7041330,15.934102812931354,1358,0.844,0.787,0.659,1.267
7041JG6,22.93947197575058,1447,0.808,1.065,0.891,1.396
7042395,27.18291742558437,1424,0.887,0.907,0.935,1.057
7043019,47.055322898640384,1212,0.803,1.187,0.842,1.574
7044288,13.794606863286592,1139,0.642,0.793,0.644,1.46
7044328,42.62069174414744,1299,0.855,0.791,0.903,1.427
7045398,1.6785338359927124,1230,0.82,1.419,0.789,2.067
7045401,1.6785338359927124,1406,0.795,0.584,0.953,1.382
7047914,112.42604715684637,1439,0.786,0.877,0.923,1.782
704F0PN,52.00823593707223,1441,0.837,0.883,0.86,1.83
704FEG0,42.62069174414744,1397,0.722,0.814,0.615,1.222
704S001,14.517171742074195,1434,0.868,0.754,0.942,1.673
7050145,19.307722205945378,1254,0.709,0.861,0.918,1.071
7051050,41.26754080523152,972,0.742,0.965,0.88,1.294
7051055,22.935523397279702,1326,0.774,0.854,0.793,1.076
7051163,83.3208040425736,1440,0.762,1.282,0.904,1.258
7051200,6.582695608461763,969,0.69,0.616,0.728,1.021
7051201,6.582695608461763,982,0.657,0.716,0.942,1.047
7052601,22.935523397279702,1424,0.761,0.821,0.966,1.054
7053649,23.16840003159961,1338,0.782,0.57,0.661,0.758
7053KGR,107.003089469097,1308,0.671,0.96,0.591,1.49
7054096,46.991396618219966,1435,0.853,1.456,0.924,1.119
7055121,1.1013547974342341,1453,0.88,0.909,0.898,1.068
7055122,1.1013547974342341,1437,0.889,1.075,0.922,1.146
7055422,42.172786034036875,1423,0.87,0.793,0.91,1.133
7055440,41.90512542443615,1013,0.88,0.947,0.925,1.179
7056068,22.547210420186246,1446,0.908,0.917,0.936,1.044
7056202,48.125425197666026,1400,0.817,1.097,0.784,1.794
7056616,61.987686267860546,1448,0.819,1.192,0.86,1.156
7056930,31.593220776860687,1275,0.899,0.727,0.678,1.038
7057395,43.283904997473705,1205,0.656,0.688,0.56,0.917
7057515,31.593220776860687,1189,0.866,0.86,0.679,1.011
7057567,15.934102812931354,1289,0.848,0.937,0.726,1.001
705S002,43.283904997473705,1421,0.703,1.105,0.802,1.371
7060400,14.884274424977841,1461,0.836,1.003,0.91,1.248
7060826,37.66279822976798,1059,0.694,1.136,0.907,1.456
7063370,14.884274424977841,1363,0.846,0.937,0.909,1.288
7065639,26.799727049296695,1431,0.677,0.921,0.917,1.148
7065738,42.938395249359395,1088,0.585,0.67,0.909,1.128
7066686,15.727291635633346,1311,0.759,0.941,0.961,1.2
7066820,21.410618027048812,1249,0.622,0.75,0.645,1.087
7067658,15.727291635633346,1377,0.764,0.915,0.733,1.146
706I155,37.66279822976798,1215,0.621,0.543,0.917,1.141
7075800,128.91100492913932,1393,0.589,0.798,0.958,1.01
7077570,19.938166443850744,878,0.671,0.885,0.785,1.105
7077571,19.938166443850744,1218,0.517,0.585,0.92,1.092
707DBD4,67.10029608445427,1405,0.578,0.979,0.912,1.198
7080468,45.52803405069818,1295,0.722,0.8,0.896,1.08
7085106,29.770434817456263,1406,0.825,0.778,0.722,0.967
7086716,29.770434817456263,1435,0.794,0.947,0.952,1.144
7094636,0.8576016201214913,1138,0.956,1.207,0.9,1.545
7094637,0.8576016201214913,1396,0.908,0.658,0.932,1.212
7098603,0.43658010803063885,1412,0.819,0.86,0.927,1.274
7098605,0.43658010803063885,1210,0.932,0.96,0.834,1.276
709CEE9,54.600804064029425,1048,0.829,0.983,0.799,1.062
8100300,61.18969966216333,1146,0.796,0.808,0.768,1.023
8100467,2.561451709750339,1242,0.885,0.96,0.847,1.176
8100468,2.561451709750339,1461,0.787,0.879,0.745,1.226
8100505,23.64612382406904,1008,0.824,0.863,0.793,1.115
8100593,35.826922286928585,1380,0.824,0.794,0.611,0.925
8100885,41.90512542443615,1435,0.805,0.847,0.91,1.301
8100989,42.28735522036196,1409,0.817,0.874,0.797,1.049
8101201,62.75643618419072,1438,0.918,0.818,0.775,0.932
8101303,90.75285002411589,1338,0.754,0.873,0.936,1.051
8101505,7.469723488969977,1294,0.884,1.074,0.638,1.295
8101605,7.89541307864439,1403,0.892,0.722,0.671,1.069
8101746,19.432746872170807,1165,0.827,0.877,0.594,0.693
8101794,7.469723488969977,1390,0.882,0.908,0.646,1.283
8101925,46.54580198571632,1213,0.871,0.776,0.59,0.988
8102326,42.28735522036196,903,0.916,0.835,0.657,1.046
8102536,22.480108960923058,915,0.436,0.822,0.389,1.006
8102848,19.432746872170807,1420,0.81,0.62,0.627,0.646
8103050,34.57145889118762,1058,0.904,1.121,0.832,1.436
8103201,35.826922286928585,1454,0.88,0.917,0.569,0.921
8103780,26.454457261255506,1443,0.763,0.865,0.514,0.914
8103828,20.55909862075781,1001,0.756,1.192,0.475,0.943
8104201,46.54580198571632,1082,0.872,1.084,0.606,1.124
8104295,23.64612382406904,1266,0.781,0.695,0.821,0.921
8104901,26.454457261255506,1440,0.805,0.874,0.616,0.876
8104935,63.050567643718004,1215,0.766,0.819,0.653,1.11
8105210,28.336230794662544,1436,0.871,1.234,0.582,1.202
8105600,2.1615402748667316,1458,0.864,0.932,0.681,1.157
8105603,2.1615402748667316,1436,0.885,1.049,0.785,1.223
8200774,43.06629541128431,1124,0.802,1.195,0.232,1.455
8200827,28.353191518082152,1043,0.811,0.979,0.221,1.076
8201001,28.729091980508297,1414,0.875,0.714,0.425,1.022
8201390,34.466175686165045,1433,0.848,1.056,0.394,1.217
8201780,52.98604627067907,1408,0.903,0.89,0.308,0.975
8202000,21.688219231459247,1460,0.908,1.047,0.391,1.132
8202251,18.28513282245417,1454,0.785,0.862,0.443,0.718
8202502,26.53334257689614,1378,0.686,0.629,0.458,0.824
8202810,12.880704851676294,1432,0.857,1.025,0.376,0.927
8202896,9.248722434266082,1256,0.861,0.853,0.409,0.687
8203702,39.109927201566826,1430,0.874,1.066,0.473,0.99
8204161,26.53334257689614,1066,0.753,0.899,0.258,0.921
8204193,37.44764086909201,1421,0.863,0.993,0.398,1.189
8204402,39.109927201566826,1421,0.875,0.875,0.455,0.819
8204453,8.963213639991908,1158,0.831,0.831,0.358,0.66
8204495,24.430691440028035,1148,0.84,0.742,0.491,1.022
8204800,8.963213639991908,1407,0.688,0.906,0.362,0.779
8205092,9.248722434266082,1379,0.81,0.974,0.424,0.805
8205701,0.5338846383773095,1451,0.925,0.843,0.344,0.89
8205702,0.5338846383773095,1371,0.954,1.105,0.33,1.005
8205774,34.466175686165045,1442,0.672,0.903,0.3,1.219
8205895,24.430691440028035,1194,0.877,0.956,0.399,1.17
8206222,12.880704851676294,1460,0.851,0.971,0.368,1.078
8300301,7.156004669127358,1442,0.926,0.921,0.422,1.216
8300418,44.95024987167972,1209,0.88,1.138,0.413,1.619
8300497,15.58358269115351,1404,0.711,0.819,0.333,1.098
8300516,69.31217801878424,1267,0.706,1.032,0.575,1.464
8300562,44.95024987167972,1380,0.894,0.972,0.443,1.365
8300596,37.47836864811018,1431,0.857,1.224,0.468,1.528
830P001,7.156004669127358,1400,0.936,1.057,0.44,1.302
8501900,361.2974728938522,1461,0.359,0.776,0.758,1.118
8504177,302.8865839629537,1042,0.476,1.306,0.914,1.305
