region,station,troncon,meandre,LN24HA,MG24HA,MG24HI,MG24HK,MG24HQ,MG24HS,ens_med,meilleur_membre
gasp,20602,GASP02294,0.6182661005063633,0.7081449255547845,0.6980039544349346,0.7237744849874379,0.7692459963292887,0.7417141743990983,0.7176440350428428,0.737959253842409,0.7692459963292887
gasp,11003,GASP00723,0.7398055986676706,0.6758129137266784,0.7202857137299787,0.9094469193654973,0.8718645586357534,0.6868924396734272,0.7590577010195145,0.7776013574145739,0.9094469193654973
gasp,21702,GASP03025,0.6055834162558644,0.6651538149822149,0.6314427663208861,0.5810656401347777,0.612979547954321,0.6375513659299121,0.5805725154104022,0.6092623164631482,0.6651538149822149
gasp,11707,GASP00469,0.3488370592675404,0.8024478691483345,0.787130339453436,0.6644582068492922,0.6618521912102832,0.7987893709725931,0.8365490559275262,0.7586657737802541,0.8365490559275262
gasp,21407,GASP02669,0.7365900323819111,0.7523297081223096,0.785977047115421,0.8563251251615598,0.898338822062004,0.8035034897333927,0.8080010108701854,0.8580329913383881,0.898338822062004
gasp,22003,GASP03334,0.7376924542740557,0.8952675280957414,0.8874399552098509,0.7314496116973117,0.7406120689253557,0.9056211811177358,0.808063798196774,0.8206023165677924,0.9056211811177358
gasp,10903,GASP01534,,,,,,,,,
gasp,22301,GASP03654,0.604085056534206,0.7959875920956161,0.7795072420170788,0.6981780108576903,0.7665297014957939,0.8095025956619096,0.7400846502450045,0.7601073622459911,0.8095025956619096
gasp,10802,GASP01646,0.8733745610083317,0.8352607094685435,0.8521068021457248,0.8324159785261525,0.8334396510775246,0.8062100333559308,0.8462308568796101,0.8857954724334175,0.8521068021457248
gasp,21601,GASP02850,0.8243365633439019,0.8130707493529624,0.8225600386911541,0.7800672093441782,0.8293610811104437,0.8719764800137128,0.8209603864679863,0.8626227818801784,0.8719764800137128
gasp,22513,GASP03802,0.665716297482926,0.7427630626951351,0.7197429549918273,0.7752329092272858,0.7462495171010611,0.7614794524735186,0.762854444681614,0.7922617023397128,0.7752329092272858
gasp,11201,GASP01440,,,,,,,,,
gasp,22507,GASP03811,0.689900539389384,0.7088660724106521,0.6999000023090989,0.703667972668857,0.6894212408074759,0.7624827316746086,0.7125737128285603,0.7421383713359241,0.7624827316746086
gasp,11204,GASP01440,0.7498763160808846,0.7382078824646203,0.7670486113007954,0.9180621766498854,0.8723711569278916,0.7750773388266903,0.7487735830161601,0.8366506908996991,0.9180621766498854
gasp,11509,GASP00941,0.7023459140151542,0.6471739786104302,0.6578014091823503,0.8501714619108869,0.7727846914210734,0.7242769332434007,0.7708735251865068,0.7976924011290475,0.8501714619108869
gasp,10902,GASP01534,0.8678899684710208,0.7456657906762474,0.7638710734468208,0.8910401925844437,0.8661646776282149,0.75274772143166,0.841584480665877,0.8535019192729169,0.8910401925844437
gasp,20404,GASP02179,0.7050697671510582,0.7762776965511742,0.8240686397207222,0.8631380832748211,0.8421561340818282,0.7817725749257789,0.8632541346316014,0.8957464389434303,0.8632541346316014
gasp,21916,GASP03139,0.4741810541435941,0.5759930263242221,0.531612764082002,0.8016006746560874,0.7792339918533079,0.6940470385787989,0.7183295721933509,0.7495909844043842,0.8016006746560874
sagu,60202,SAGU00072,,,,,,,,,
sagu,62101,SAGU01125,,,,,,,,,
sagu,61024,SAGU00297,0.8174227084769619,0.7238237668057054,0.8175559611663422,0.8222691399153694,0.8968087674027315,0.8508665930792412,0.8447552394166782,0.874921543898958,0.8968087674027315
sagu,61901,SAGU00822,0.7131882080792749,0.8371515400196003,0.8710226238172382,0.7914775722022501,0.844438437545109,0.8257781077673452,0.8439257967275176,0.8372046946621643,0.8710226238172382
sagu,60704,SAGU00184,0.6890286431353083,0.7484215833594932,0.8622726869591768,0.8055702690804338,0.8534250837389061,0.8612405622440235,0.8407079688354592,0.8764566740586005,0.8622726869591768
sagu,60102,SAGU00034,0.7018751882390597,0.6941868102778901,0.6974895075524472,0.7460378774318941,0.7435842824927096,0.788069160607817,0.7493950458336929,0.76657225905083,0.788069160607817
sagu,60601,SAGU00151,0.5862178320554292,0.8301509313164145,0.7707068581724665,0.5820916083993128,0.6190195422791658,0.7332456331263193,0.7566447073034326,0.7119733226291494,0.8301509313164145
sagu,60901,SAGU00279,0.7073461006850386,0.8521802569983142,0.8328195816658484,0.7249842248625059,0.7907978304818182,0.8324069172563533,0.8344154544161845,0.8490837889968434,0.8521802569983142
sagu,61905,SAGU00838,,,,,,,,,
sagu,62002,SAGU01101,0.27355480476190364,0.08793411779667326,0.17484356743774332,0.5582821458971379,-0.46800889486695274,0.3435603221639223,-0.06919036796668321,0.6267946105473791,0.5582821458971379
sagu,60603,SAGU00152,0.4487234434543905,0.5995808137306063,0.5732938568613731,0.46479773854606155,0.5193890802863995,0.598908961748092,0.6084451279428241,0.5562557707277684,0.6084451279428241
sagu,62102,SAGU01329,0.676065832503319,0.7966289090908564,0.8090663281006676,0.7478468669275105,0.7689512367234032,0.78257477699718,0.7338989405267318,0.7629208967522257,0.8090663281006676
sagu,61801,SAGU01949,0.5529113289624592,0.8393788498500845,0.8464390517932139,0.7526909685890542,0.7692154677247656,0.7939103429955336,0.792627932775126,0.8059246160483425,0.8464390517932139
sagu,61307,SAGU00621,0.6375936417135256,0.6886722367388063,0.6896829347069067,0.6409201543431293,0.7095154787889375,0.6981611305518464,0.6451827326646905,0.6637281232506713,0.7095154787889375
sagu,61909,SAGU01090,0.6825844936998239,0.8464856664438514,0.8484098513906975,0.7573178770872965,0.817586404766852,0.8152919484720815,0.7748038046547251,0.8170213613334274,0.8484098513906975
sagu,62114,SAGU01125,0.7227133611930492,0.7518385291547875,0.774289309591454,0.6967361344421823,0.7327623863876411,0.7457229122402855,0.7217800934592372,0.7329201507386076,0.774289309591454
sagu,62701,SAGU00201,0.6213348019490803,0.6760541159944298,0.7159697447091132,0.7315656631252292,0.7424557563338274,0.6826548791091076,0.6713143020736896,0.721181827508163,0.7424557563338274
sagu,61502,SAGU00641,0.7395776232456326,0.7633756779612981,0.82495737860154,0.7878138395657026,0.8161191257071893,0.811769360663952,0.7756783410140772,0.8171675820613071,0.82495737860154
sagu,61028,SAGU00311,0.7735989308294655,0.8172418614305916,0.905481389324893,0.8359374393995768,0.9066896270142923,0.9325724153377186,0.9029774346749362,0.9324790870413004,0.9325724153377186
sagu,61020,SAGU00324,0.6419945033315018,0.7840411615349787,0.86793722715135,0.8686645660996346,0.9299539177853767,0.9247396885649166,0.9206977233751595,0.9477408178860314,0.9299539177853767
sagu,62803,SAGU02134,0.7401336264833673,0.7315358946368548,0.7284044277195074,0.7359720807802348,0.7254084751091783,0.7584382177846901,0.7164333510265604,0.7414618721484378,0.7584382177846901
sagu,61022,SAGU00390,0.7158730967580799,0.9177417940340472,0.8751473338201055,0.799372409329454,0.851762451420753,0.9067996675861304,0.9408158232333332,0.8960814666280671,0.9408158232333332
sagu,64101,SAGU00818,0.5503448533444216,0.6338385183553193,0.6486127933178771,0.723927557701189,0.6440012295944342,0.5799368354595344,0.7103873999071346,0.7021026300580937,0.723927557701189
mont,30421,MONT00543,0.6285963409387609,0.7504169310224729,0.7012699007490575,0.6248808705960169,0.7867873866586588,0.6070798846472307,0.5240711424679387,0.7337176481632763,0.7867873866586588
mont,30423,MONT00926,0.6614670460782703,0.6790106112413661,0.6997791222509825,0.6839172262788074,0.749960393515495,0.7240133928458197,0.6186334427187958,0.8035142613784199,0.749960393515495
mont,30924,MONT01486,,,,,,,,,
mont,30345,MONT00048,0.6747993808551398,0.7176103876724751,0.6921372306640199,0.7274965347468072,0.8751635509614469,0.7242051714231605,0.7113122488238548,0.7997409067655847,0.8751635509614469
mont,30356,MONT00071,0.5998704252290419,0.2700863639195952,0.2463163761377365,0.5549976762739381,0.8187104217813396,0.6209093462663067,0.7081991630606888,0.5775850731129484,0.8187104217813396
mont,30424,MONT00924,0.601807571348419,0.8086310267377509,0.8077209063443707,0.6950589645701049,0.8348999577077336,0.73119708669148,0.6339800900818764,0.8307501879789573,0.8348999577077336
mont,30348,MONT00174,0.6352675104801663,0.40165592525249927,0.36863243273813373,0.7196250874961694,0.8383142992236474,0.7611040704933973,0.7369574686507807,0.7230841902017021,0.8383142992236474
mont,30415,MONT01271,0.8216498429583476,0.6374857354649772,0.6392517101183064,0.6516064306161937,0.7581840009892331,0.7008027113333947,0.5060600121816352,0.7466898378954681,0.7581840009892331
mont,30425,MONT00902,0.44924371674541475,0.37015495686579114,0.4440687202930559,0.44828427732401666,0.5863966886693042,0.5915659910242268,0.6286631046569984,0.5247091944622433,0.6286631046569984
mont,30431,MONT00590,0.38341188706646,0.5702548762095492,0.5554261075660676,0.6440228188522816,0.7206843999761889,0.5658829852409601,0.5831061508712918,0.7389666040375449,0.7206843999761889
mont,30315,MONT00087,0.5788546626678943,0.5148073636876841,0.4620694848422364,0.6966331301749447,0.785630634749172,0.6465402361178367,0.6733411721560775,0.7162309322632203,0.785630634749172
mont,30920,MONT01537,0.24329476333985778,0.6406389087434314,0.5931548750907436,0.6021597513889256,0.6369678077997201,0.42556916785325904,0.402098001051158,0.610152133173726,0.6406389087434314
mont,30923,MONT01478,,,,,,,,,
mont,30314,MONT00413,0.2870399465252509,0.3842358810872808,0.3908536313554243,0.41133032866369823,0.5935116041654181,0.5652465265221238,0.7539081423736049,0.5130194211171315,0.7539081423736049
mont,30355,MONT00119,0.5082996015554148,0.4701704744746803,0.43613789493994204,0.6196268014953339,0.7936802782703374,0.6634998911334368,0.7098928089640586,0.6588598365775733,0.7936802782703374
mont,30905,MONT01337,0.6402011218012428,0.802912099445002,0.759029817830371,0.691092585335873,0.7219317137876811,0.5430032366973454,0.6388551348593154,0.7202074991689978,0.802912099445002
mont,30340,MONT00230,0.5155691354406174,0.48078655850028074,0.41326854602798735,0.5487165472109063,0.639054956744401,0.6298704315509718,0.7048051865430022,0.5930338724413002,0.7048051865430022
mont,30353,MONT00314,0.563729797949697,0.7599718795294713,0.7529310354630296,0.760418250629555,0.8252551905848309,0.7836113266701787,0.599433875747138,0.7714333922421784,0.8252551905848309
mont,30420,MONT00932,,,,,,,,,
mont,30907,MONT01470,0.6102371228219352,0.8048197630961678,0.7556702480096613,0.6657394232437313,0.7566665354951083,0.5808657264917096,0.5868986967372531,0.7223521624041007,0.8048197630961678
mont,30921,MONT01496,0.459147734634177,0.7763136328886291,0.7169165457430391,0.6508434115132795,0.7706788676959306,0.6077198196169453,0.6148685153267976,0.7102433560583811,0.7763136328886291
mont,30346,MONT00088,,,,,,,,,
mont,30422,MONT00974,,,,,,,,,
mont,30304,MONT00051,0.6775889381536601,0.6175982162867408,0.580695576688562,0.7135953493508846,0.8289574351199268,0.6884679113720513,0.6523637846247077,0.7523051222216846,0.8289574351199268
mont,30343,MONT00252,0.48510250227057605,0.5744606629500159,0.5457647148641642,0.6514785037098368,0.7736407788338006,0.6908906423006749,0.5937541808452684,0.6339303461422436,0.7736407788338006
mont,30316,MONT00026,0.6593862490644962,0.7384275694561736,0.7020931932753017,0.6150491978000143,0.7400062894510724,0.6124367787454357,0.6566542780109728,0.7121929540405421,0.7400062894510724
mont,30429,MONT01277,0.5554899057890006,0.5355003182854463,0.5243540731181324,0.4644751332087602,0.6148250296162194,0.622027011301469,0.5328373186764812,0.5754559839033615,0.622027011301469
mont,30919,MONT01361,0.6992994543203158,0.7266396363635266,0.7161572327232932,0.686068677836922,0.6986507732429033,0.5599203160119446,0.6747130171172275,0.7314560909261671,0.7266396363635266
slso,24007,SLSO00786,,,,,,,,,
slso,24016,SLSO00828,0.3660131113742394,0.54206954361336,0.5329993227733196,0.5011181984931983,0.6456981687862833,0.6080178708967889,0.44252494088591066,0.5985571155788444,0.6456981687862833
slso,30215,SLSO02154,0.6125593100584139,0.7739003484792863,0.7590596773962193,0.5670544883025528,0.7347482635767141,0.6423410813615176,0.7375231993983653,0.7141954367773753,0.7739003484792863
slso,30282,SLSO01659,0.5969434001619297,0.7507419763035508,0.7489253446222295,0.5574227755552947,0.7910520715576894,0.6796338749171001,0.7151427436199317,0.7121690825275555,0.7910520715576894
slso,23402,SLSO00025,0.7286883206556648,0.747862093571303,0.723017790579797,0.5667432164930912,0.7303118586117447,0.6563375058818973,0.7402320738196155,0.6862752515746876,0.747862093571303
slso,23432,SLSO00633,0.5086907743344455,0.5356229325610711,0.5099026822875299,0.5399657512021814,0.5586474091876541,0.5502718418853971,0.5085696484484934,0.5484420678007302,0.5586474091876541
slso,30262,SLSO01214,,,,,,,,,
slso,23444,SLSO00064,,,,,,,,,
slso,23445,SLSO00635,,,,,,,,,
slso,23004,SLSO02542,0.7799060397742641,0.648295125938974,0.6591316364584302,0.7403531759479228,0.6249233596084338,0.7120891252645504,0.5645935305963314,0.71952976188516,0.7403531759479228
slso,23005,SLSO02550,,,,,,,,,
slso,23007,SLSO02544,,,,,,,,,
slso,24003,SLSO00829,0.6901323365853039,0.7295563362124939,0.686396848823158,0.5551648467766651,0.6286809457153749,0.6131776982433415,0.66959448336309,0.6490852680068134,0.7295563362124939
slso,23006,SLSO02553,,,,,,,,,
slso,23306,SLSO02456,0.39066482251146495,0.5278890390282789,0.5253043531850645,0.5034953876274515,0.6155781096373822,0.5593850532869982,0.5427489913845752,0.5493392921862753,0.6155781096373822
slso,23401,SLSO00585,0.6805287332970892,0.7125986868629838,0.6757781320564225,0.6534432736649021,0.7037286578078359,0.6706784596904349,0.6264771220489711,0.6933545223300581,0.7125986868629838
slso,31501,SLSO00933,,,,,,,,,
slso,30106,SLSO00969,0.5880716106633562,0.594260730840056,0.5567933947687085,0.4752159739095304,0.6542282429700592,0.549987741021561,0.505374632964867,0.5703869194728814,0.6542282429700592
slso,30242,SLSO01972,0.5086043861357015,0.6322940395834835,0.6178322698074987,0.356944134345764,0.6216183243338371,0.5650610229610741,0.7676779018822397,0.5962160766658218,0.7676779018822397
slso,22601,SLSO02878,0.3675519362317424,0.6596080572836502,0.6292965338554966,0.6094646544778811,0.6227262210960302,0.6555959061550298,0.48756025574443684,0.6531623438130217,0.6596080572836502
slso,23450,SLSO00621,0.26414741737808023,0.7166223587639111,0.6895367813765569,0.5100849477929388,0.6636246421994079,0.6926865513649982,0.5457241086243485,0.6810162341199193,0.7166223587639111
slso,30299,SLSO01214,0.8087154934763844,0.7545488221028833,0.7156269997125055,0.562148141637063,0.5434778239722254,0.5603013402929355,0.5581584673184433,0.6656719850812489,0.7545488221028833
slso,23429,SLSO00246,0.6062412872136373,0.6806725040785617,0.661356580495813,0.47435644408615973,0.6645614382510343,0.5734726611833652,0.6622310908356956,0.6156368564039816,0.6806725040785617
slso,23702,SLSO00708,0.7953652050486985,0.6621507163852858,0.6317026942510917,0.6144215062578164,0.7394218930132418,0.7054108415505345,0.6034954787165542,0.6793230109211061,0.7394218930132418
slso,23303,SLSO02388,0.7291368540637813,0.8256988852839168,0.8049484341771749,0.7085870722459686,0.8340860659385878,0.7761130805054672,0.6976023757045995,0.8130398638995805,0.8340860659385878
slso,23422,SLSO00160,0.7786988389098342,0.6233302861447265,0.5998084398128048,0.5814842694372369,0.7875316695513352,0.699304048511926,0.6949502054527631,0.6525195451062425,0.7875316695513352
slso,23428,SLSO00460,0.6324340413831,0.7094421772675694,0.6867811715537393,0.5071200379170979,0.7177609795918753,0.6416187893130612,0.7314796507639654,0.6615278111472931,0.7314796507639654
slso,24013,SLSO00850,,,,,,,,,
slso,24015,SLSO00889,0.6269163222391029,0.5304325037036868,0.5094388666759118,0.4046821669784336,0.6177710502576944,0.5044420802912609,0.34237383000012855,0.5044286955941868,0.6177710502576944
slso,23002,SLSO02552,0.6415452070591685,0.5475434335732773,0.5268229004640841,0.6132420468531244,0.5559461247011719,0.6013800613929002,0.430839663001909,0.5861752826448996,0.6132420468531244
slso,24004,SLSO00887,0.4449361052788715,0.38938789133134477,0.41507091029269727,0.5665323165695082,0.5084069349932739,0.5826213438803414,0.38303229803788297,0.5936005569766575,0.5826213438803414
slso,30103,SLSO00958,0.7056182270104937,0.6708119502164004,0.6432454111916652,0.5952561946977071,0.8109628021840845,0.652095275107179,0.5078237361728473,0.6959859432579738,0.8109628021840845
slso,23443,SLSO00635,,,,,,,,,
slso,24014,SLSO00796,0.7518891785991995,0.7522033538646857,0.7120265053176458,0.6200168482654502,0.7388753516826141,0.674013224424632,0.6941734899236971,0.6975068407262539,0.7522033538646857
slso,30234,SLSO01945,0.6188648528425509,0.73493565536598,0.7296453349958749,0.4597569647527605,0.7807725539331488,0.6165355023269756,0.7473219773257878,0.6986369232003711,0.7807725539331488
slso,22704,SLSO02792,0.41067276373624517,0.6752074189632153,0.6655563403587582,0.5732057752668585,0.6823440080049687,0.6615521197790103,0.6320741722998972,0.657690594294525,0.6823440080049687
slso,30101,SLSO01106,0.623812530268886,0.6576177947073729,0.6321658745674172,0.429061707700777,0.6964697870277634,0.5579146759708111,0.6732707496964545,0.6067448380430223,0.6964697870277634
slso,23106,SLSO02599,0.6696182010209542,0.8141782344205566,0.8008099222545357,0.7229002362152465,0.8034566841067811,0.8201911000536727,0.791300356050413,0.8466143547968153,0.8201911000536727
slso,23448,SLSO00253,0.5087846981498056,0.65685109515272,0.6331775095499457,0.4555869805947518,0.6095356776782799,0.5404613072088638,0.6335868315098141,0.5830071209410583,0.65685109515272
slso,30120,SLSO00984,0.7197553801069441,0.6578701172458307,0.6188775926762526,0.5107779515957471,0.7736329336107717,0.6263399113508834,0.5374657932182542,0.6454334271820346,0.7736329336107717
slno,52238,SLNO00573,0.40279320676326835,0.6917481801794163,0.6605136921034089,0.6598268288792059,0.7037980701916822,0.6006098549153008,0.5680607636758932,0.684147462615994,0.7037980701916822
slno,50117,SLNO01445,0.6303911379638596,0.8635715985253909,0.8750708944321195,0.8098590436582452,0.8291157745704973,0.829337493923399,0.8268305930415487,0.8670695197765987,0.8750708944321195
slno,50409,SLNO03249,0.6980319157639876,0.7731116320312319,0.7733785729917168,0.7836055364958789,0.7931860688655177,0.818277991445191,0.7730636540434925,0.8043052100522424,0.818277991445191
slno,50914,SLNO00040,,,,,,,,,
slno,52805,SLNO00872,0.47941711203991777,0.8819658711107491,0.8554161296214338,0.7508667161153517,0.7640065823155539,0.8478240368109276,0.8657120065103907,0.8366173979746596,0.8819658711107491
slno,50135,SLNO01454,0.5478371325439411,0.8788368591021278,0.8581886348976895,0.7536842422139242,0.7714297666949947,0.8289123724636672,0.7620123232301024,0.7901100718047891,0.8788368591021278
slno,52231,SLNO00815,,,,,,,,,
slno,52236,SLNO00564,,,,,,,,,
slno,50119,SLNO01060,0.620552654835101,0.7783007225305225,0.8313199234317474,0.8128232046057311,0.8454926085033716,0.7126697226237534,0.8349596580934293,0.8436984799902063,0.8454926085033716
slno,50144,SLNO02638,0.48626119514089927,0.681690050286532,0.7242804991928339,0.7713011580428096,0.7987760924571538,0.741508068719398,0.7268822346503785,0.7701682187606091,0.7987760924571538
slno,50904,SLNO00014,0.6106752827341647,0.6901975933116755,0.6661386942616191,0.6853464243669352,0.7236217644031147,0.8003674824097576,0.8117310777895841,0.7352678355570774,0.8117310777895841
slno,52228,SLNO00616,0.4992312719575205,0.8596448779739895,0.8468795462341742,0.7887591857368665,0.7560068037524733,0.8675816573267203,0.825388047098438,0.8325086355080613,0.8675816573267203
slno,52233,SLNO00791,0.6062644125234448,0.5617113367924238,0.528672393980123,0.7151120858003943,0.7559424178645332,0.7539939039801167,0.728996559559741,0.721934279613405,0.7559424178645332
slno,52212,SLNO00717,0.5762377425702053,0.7573847454761539,0.7348370411162435,0.782389558102953,0.7796810439583526,0.8701591862023231,0.8169852840781372,0.8077780074265601,0.8701591862023231
slno,50304,SLNO02931,0.7300666826465997,0.8536963099345385,0.8619136568823189,0.8365272643146895,0.8381972589821136,0.8064868342270151,0.8054775136577028,0.8581049998290019,0.8619136568823189
slno,50801,SLNO00372,0.7320928935319511,0.8216258568103019,0.8631990438456626,0.8433191284873667,0.8737801356764027,0.8340540789607278,0.8145006389579458,0.86272097660991,0.8737801356764027
slno,52229,SLNO00569,,,,,,,,,
slno,52606,SLNO00514,0.5101504031711486,0.813909117905052,0.7953024765414878,0.7184300318173269,0.7207463886704142,0.8194972165213948,0.7804482118220474,0.7658648706903801,0.8194972165213948
slno,50702,SLNO03348,0.6254364564346393,0.6820962107621965,0.6578867205207752,0.8107792486720122,0.8006509349808706,0.8221377480645295,0.6340736219263172,0.8472411057935012,0.8221377480645295
slno,51001,SLNO00295,0.6948878030772333,0.8120930923716366,0.8009351451161031,0.8168666668789014,0.8475012960504147,0.9072276103350414,0.872510275105504,0.8664510600712572,0.9072276103350414
slno,52401,SLNO00830,0.6935958197489138,0.603090108572303,0.5936364861381263,0.807826795667368,0.8070917185628433,0.6433505597541869,0.4901308005413496,0.8023765296054859,0.807826795667368
slno,51005,SLNO00321,0.7414916280759866,0.8446434046992795,0.8708576371448216,0.8547315770124727,0.8966890524770975,0.9004768198324629,0.865795510345049,0.8931409803311967,0.9004768198324629
slno,52219,SLNO00586,0.6319582577986782,0.8927224811159388,0.8765874123915185,0.8110610295941699,0.824425123000198,0.8325475293866076,0.8426078399986152,0.8791104209811098,0.8927224811159388
slno,52810,SLNO00851,,,,,,,,,
slno,50915,SLNO00019,0.45398219480049584,0.7763176921589378,0.7581837110336539,0.7561798254360231,0.6501211929724513,0.5998326505273782,0.5755781474496173,0.7500270173369334,0.7763176921589378
slno,52601,SLNO00501,0.6609018689858123,0.8917499335876138,0.8736145152823515,0.8350447912857673,0.8260911200831074,0.9046809143817942,0.8813589155611439,0.8811787747717734,0.9046809143817942
slno,50916,SLNO00029,0.6706505734496433,0.5708800550683104,0.5566896547747437,0.6612882440837617,0.7150897034745767,0.8060809880860504,0.7309076227584891,0.6961272284339575,0.8060809880860504
slno,51502,SLNO00094,0.602399181607659,0.8449846442685391,0.8891887514129497,0.8533798423536042,0.8597599612504954,0.8507368657818272,0.8294377458684219,0.8977569841311765,0.8891887514129497
slno,51305,SLNO00199,0.4583797082877792,0.7031076399745391,0.6978800751596881,0.8003010760379251,0.7994986398308923,0.6859485711372699,0.7138954220426674,0.7939138790052355,0.8003010760379251
slno,54001,SLNO00341,0.6045884867179911,0.4438230529738363,0.40573054825385757,0.42897578677193293,0.13813631045185548,-0.09468109539226854,-0.6598264008257053,0.37984803280911505,0.4438230529738363
slno,50408,SLNO03245,0.7695972898160867,0.7730919221519403,0.7675595513696784,0.7827146764636019,0.8057728038391252,0.8336103397711214,0.7916759443149703,0.8133264648943769,0.8336103397711214
slno,50812,SLNO00460,0.7410490728401578,0.49345709908898594,0.4709682590865386,0.7024449111132514,0.7082899191543683,0.7606366067060277,0.5765342779500644,0.7377395156087884,0.7606366067060277
outv,40406,OUTV00460,0.35710757229791046,0.7337714303501732,0.7123268114536291,0.6224579978676529,0.6450183499514077,0.7530648324860385,0.8420607448668092,0.7005449036366257,0.8420607448668092
outv,40204,OUTV00034,0.6543945532295762,0.8699075222788006,0.8982556893381611,0.8611723926737613,0.8966301718506374,0.7964842384099731,0.8149301238003672,0.8930340092727683,0.8982556893381611
outv,46709,OUTV03406,0.5950294998747068,0.6900999242222863,0.6235094398738796,0.49933443239315556,0.41631431354159953,0.3179013639768554,0.11581760178867384,0.48509366505398654,0.6900999242222863
outv,40840,OUTV02212,0.5929423457503559,0.8897929319892439,0.8848209212140979,0.7822864751780352,0.8288785497913207,0.8286405735790769,0.8536374257596049,0.8818825406929568,0.8897929319892439
outv,40238,OUTV00234,0.6663087135927582,0.8424162657733814,0.8633718920035384,0.871133084954063,0.9049079888514385,0.8342530058901755,0.8202769249640265,0.8899390253537475,0.9049079888514385
outv,40110,OUTV03263,0.5849945531509964,0.8648838018210757,0.849662818152146,0.859024673289663,0.877954844433859,0.8208916607682151,0.8332046825592284,0.8830193324614919,0.877954844433859
outv,40122,OUTV03291,0.5673994954761776,0.8166410530543575,0.8097756778308961,0.850814171741046,0.8308586336352863,0.8631023747646076,0.8468953430945032,0.8591526985184051,0.8631023747646076
outv,40134,OUTV03356,0.12625522609650908,0.7503396003225712,0.7474996428116509,0.7863098384780396,0.6558645968149251,0.8118765691811269,0.7534936034476832,0.7934255241441455,0.8118765691811269
outv,40129,OUTV03331,0.44640098578250476,0.7265645574610906,0.7267689664161957,0.8247947341266647,0.8376833384550689,0.7581451958063963,0.7987165568568504,0.828833374577507,0.8376833384550689
outv,40841,OUTV02027,0.4792192915790212,0.7558961122915555,0.7365519973421232,0.6494109003578121,0.7071851737096517,0.8052359348785947,0.8475275529816572,0.7362455042370051,0.8475275529816572
outv,46404,OUTV03388,0.5863628791838055,0.6318122664329211,0.5464189462470457,0.08648257720648977,0.20628081520171127,0.14418860586844195,0.2818653200302311,0.3907985121865778,0.6318122664329211
outv,40409,OUTV00561,0.38863156452141656,0.7011253395708696,0.7103884832692458,0.6489811445796239,0.7073356621806407,0.7031578657385424,0.8152852219709106,0.7548700325695231,0.8152852219709106
outv,40830,OUTV01390,0.49636681658547366,0.8493969844672857,0.8955865078425183,0.8142167840432226,0.8525736525843801,0.8512099866159932,0.8385839995190397,0.85325220026095,0.8955865078425183
outv,40212,OUTV00306,0.46771112620269917,0.5490792000761411,0.538725396122101,0.772915047362764,0.8321681624752311,0.7879105185334824,0.6684108026342618,0.7274973599065414,0.8321681624752311
outv,40624,OUTV00742,0.5972021722823494,0.7386344363960089,0.7757490869417241,0.865968339750722,0.8080108554667031,0.7519018337993845,0.6587374406880333,0.8136358363440648,0.865968339750722
outv,40241,OUTV00133,0.5371762656056184,0.8212427497299771,0.8593375951695006,0.8299369868506852,0.8610887505465302,0.7902587848399473,0.7821191402370042,0.8483052475667139,0.8610887505465302
