region,station,ecart,aire,n_hydro,bin
gasp,20602,0.044902282843281904,646.3500366210938,0,0
gasp,11003,-0.0004695656823023864,1706.8399658203125,0,0
gasp,21702,-0.0544233347487425,212.04000854492188,0,0
gasp,11707,-0.4114108973706954,2725.33984375,1,1-2
gasp,21407,-0.06289450744156888,783.7300415039062,0,0
gasp,22003,0.00871540697932438,1636.2900390625,1,1-2
gasp,22301,-0.06354128673211834,925.2399291992188,0,0
gasp,10802,-0.03703076576714004,1916.6199951171875,0,0
gasp,21601,0.0022120142646260277,1660.02001953125,0,0
gasp,22513,-0.03487305956264497,1061.3900146484375,1,1-2
gasp,22507,0.033061444179025345,543.050048828125,0,0
gasp,11204,-0.1478861031771599,1155.1500244140625,0,0
gasp,11509,-0.12150014634189066,2758.01025390625,0,0
gasp,10902,-0.06739998924977797,1379.880126953125,0,0
gasp,20404,-0.13294398853902611,675.4299926757812,0,0
gasp,21916,-0.3142717574613426,105.94999694824219,0,0
mont,30421,-0.12488659235546307,364.9600524902344,0,0
mont,30423,-0.07350681398537762,111.0199966430664,0,0
mont,30345,-0.0972809886520013,3308.7998046875,2,1-2
mont,30356,0.13641284908403617,195.13998413085938,0,0
mont,30424,-0.18897176667586446,613.219970703125,0,0
mont,30348,0.02172118341065965,103.77999877929688,0,0
mont,30415,0.015924623627095125,340.5499572753906,0,0
mont,30425,-0.06158519735228707,82.44000244140625,0,0
mont,30431,-0.09928306862308989,125.13999938964844,0,0
mont,30315,0.055343313511135306,738.0800170898438,1,1-2
mont,30920,-0.14630364373246135,38.06999969482422,0,0
mont,30314,-0.16242996352139222,210.5500030517578,0,0
mont,30355,0.05327821635473007,159.9600067138672,0,0
mont,30905,-0.11501357596305894,2512.849853515625,0,0
mont,30340,0.08435692857103083,243.6999969482422,0,0
mont,30353,-0.031634266665400035,232.54000854492188,0,0
mont,30907,-0.047198138440401216,629.6900024414062,0,0
mont,30921,-0.0912195042651377,247.5700225830078,0,0
mont,30304,-0.020170869122126067,1477.829833984375,2,1-2
mont,30343,0.004558487845059078,29.700000762939453,0,0
mont,30316,0.05328176115461192,327.20001220703125,0,0
mont,30429,0.11791564965668933,34.7400016784668,0,0
mont,30919,0.006594868662954667,1051.5301513671875,0,0
outv,40406,-0.19689356656764712,1347.9400634765625,0,0
outv,40204,-0.20858709538306797,5452.08984375,2,1-2
outv,46709,-0.020088699127116194,204.5399932861328,0,0
outv,40840,-0.3158112976965427,1262.969970703125,0,0
outv,40238,-0.20431470891031178,1178.7000732421875,0,0
outv,40110,-0.23624978959062848,1175.7999267578125,0,0
outv,40122,-0.30331832857325114,312.3399963378906,0,0
outv,40134,-0.520336345737969,87.80000305175781,0,0
outv,40129,-0.3722329388471833,105.48999786376953,0,0
outv,40841,-0.24152378918206518,1684.530029296875,0,0
outv,46404,0.06290075584693988,387.3499755859375,0,0
outv,40409,-0.3077127449686296,81.8499984741211,0,0
outv,40830,-0.3914517427996653,6807.27001953125,0,0
outv,40212,-0.322412128634999,39.98999786376953,0,0
outv,40624,-0.18866785666547747,4606.5302734375,2,1-2
outv,40241,-0.30070156419326677,1952.1502685546875,0,0
sagu,61024,-0.026938830440411232,333.78997802734375,0,0
sagu,61901,-0.12301246387693032,15481.919921875,0,0
sagu,60704,-0.1292475474310525,440.9100341796875,0,0
sagu,60102,-0.17952625518244425,431.5900573730469,0,0
sagu,60601,-0.05197345313644908,626.02001953125,0,0
sagu,60901,-0.03824089237325623,393.91998291015625,0,0
sagu,62002,-0.9312735611387998,56.570003509521484,0,0
sagu,60603,-0.15472184929542726,125.75999450683594,0,0
sagu,62102,-0.2360309693870909,9615.720703125,0,0
sagu,61801,-0.09023209857710268,974.3400268554688,1,1-2
sagu,61307,0.03401975212605013,279.6300048828125,0,0
sagu,61909,-0.11393238935948136,586.25,0,0
sagu,62114,-0.17458288108556008,8844.580078125,0,0
sagu,62701,-0.06162732040487995,773.409912109375,0,0
sagu,61502,-0.08521606696711037,2230.639892578125,0,0
sagu,61028,-0.06708482741190447,2650.249755859375,0,0
sagu,61020,-0.13431398890723512,1156.179931640625,0,0
sagu,62803,-0.08279182450959344,1109.9498291015625,0,0
sagu,61022,-0.11780785659495996,520.7899780273438,0,0
sagu,64101,0.01628658601857369,193.54998779296875,0,0
slno,52238,-0.30126560488853904,119.63999938964844,0,0
slno,50117,-0.3014298167513598,1839.2998046875,0,0
slno,50409,-0.23928633197694438,643.8900146484375,0,0
slno,52805,-0.347756239637074,758.3199462890625,0,0
slno,50135,-0.2886333977704636,1538.4898681640625,0,0
slno,50119,-0.32080808361897317,1378.989990234375,0,0
slno,50144,-0.45041799108746305,2649.06982421875,0,0
slno,50904,0.000969172368064708,356.79998779296875,0,0
slno,52228,-0.6415737575533,193.60000610351562,0,0
slno,52233,-0.2061913166207905,585.5499877929688,0,0
slno,52212,-0.2881552833273955,1260.169921875,1,1-2
slno,50304,-0.22451075121932373,4514.44970703125,0,0
slno,50801,-0.1920491432791136,1965.93994140625,0,0
slno,52606,-0.4761833158430584,208.34999084472656,0,0
slno,50702,-0.22738623274545344,323.3399658203125,0,0
slno,51001,-0.1437592909981349,1166.760009765625,1,1-2
slno,52401,-0.22006034061117508,200.739990234375,0,0
slno,51005,-0.21163898973305928,271.41998291015625,0,0
slno,52219,-0.40290986599414713,1305.8199462890625,0,0
slno,50915,-0.31882667411121846,51.76000213623047,0,0
slno,52601,-0.392994670372929,1028.7401123046875,0,0
slno,50916,-0.030314453099881344,79.90999603271484,0,0
slno,51502,-0.257294302545358,1712.090087890625,0,0
slno,51305,-0.3438409777024048,673.7400512695312,0,0
slno,54001,0.23130805033875496,26.670000076293945,0,0
slno,50408,-0.20390617743602324,1582.9700927734375,0,0
slno,50812,-0.1102014222759925,95.7699966430664,1,1-2
slso,24016,-0.04649099588933947,49.97999954223633,0,0
slso,30215,-0.12640717829808978,524.1900024414062,1,1-2
slso,30282,-0.06569861349927397,735.6500244140625,0,0
slso,23402,-0.006822380783405024,5805.5703125,0,0
slso,23432,-0.05186755061044146,147.47000122070312,0,0
slso,23004,0.1258266901836984,224.9399871826172,0,0
slso,24003,-0.00966299214415478,923.7799682617188,0,0
slso,23306,-0.028283736419815075,175.0500030517578,0,0
slso,23401,-0.033544739678906366,711.4199829101562,0,0
slso,30106,0.05566647148791248,340.97998046875,0,0
slso,30242,-0.11949786547876895,193.260009765625,0,0
slso,22601,-0.09753642389517436,195.78001403808594,0,0
slso,23450,-0.03725064134241418,91.2300033569336,0,0
slso,30299,0.10161687073677139,256.5400085449219,0,0
slso,23429,0.0029491028092156757,3054.25,0,0
slso,23702,0.12933762101204782,392.4000244140625,0,0
slso,23303,-0.015273138396230679,1140.489990234375,2,1-2
slso,23422,0.12553169415867493,685.8400268554688,0,0
slso,23428,-0.025071774316405948,827.7900390625,0,0
slso,24015,0.10556609055958166,44.369998931884766,0,0
slso,23002,0.061952310213023054,56.55999755859375,0,0
slso,24004,0.0561185843531401,169.02999877929688,0,0
slso,30103,-0.04565087105379517,1544.0101318359375,0,0
slso,24014,-0.02941835733533682,2174.93017578125,0,0
slso,30234,-0.08965868847563285,636.6100463867188,0,0
slso,22704,-0.06552319812815544,784.5800170898438,0,0
slso,30101,0.011812507748227175,557.9400024414062,0,0
slso,23106,-0.029853159413034014,819.7499389648438,1,1-2
slso,23448,-0.016630059944863218,2055.64013671875,0,0
slso,30120,0.020021910488178807,944.5499877929688,0,0
